<?xml version="1.0" encoding="UTF-8" standalone="yes"?>
<ns2:ExportManifest xmlns:ns2="http://www.pentaho.com/schema/">
    <ExportManifestInformation exportDate="07-08-2016 07:34:23 CST" exportBy="admin" rootFolder="/public/ITCR/" manifestVersion="2"/>
    <ExportManifestEntity path="DashFramework">
        <ExportManifestProperty>
            <EntityMetaData name="DashFramework" createdDate="2016-08-06T12:53:41.864-06:00" isFolder="true" path="DashFramework" isHidden="false" locale="en_US" title="DashFramework"/>
        </ExportManifestProperty>
        <ExportManifestProperty>
            <EntityAcl>
                <entriesInheriting>true</entriesInheriting>
                <owner>admin</owner>
                <ownerType>USER</ownerType>
            </EntityAcl>
        </ExportManifestProperty>
    </ExportManifestEntity>
    <ExportManifestEntity path="DashFramework/css">
        <ExportManifestProperty>
            <EntityMetaData name="css" createdDate="2016-08-06T12:53:41.899-06:00" isFolder="true" path="DashFramework/css" isHidden="false" locale="en_US" title="css"/>
        </ExportManifestProperty>
        <ExportManifestProperty>
            <EntityAcl>
                <entriesInheriting>true</entriesInheriting>
                <owner>admin</owner>
                <ownerType>USER</ownerType>
            </EntityAcl>
        </ExportManifestProperty>
    </ExportManifestEntity>
    <ExportManifestEntity path="DashFramework/css/font-awesome.min.css">
        <ExportManifestProperty>
            <EntityMetaData name="font-awesome.min.css" createdDate="2016-08-06T12:53:41.955-06:00" isFolder="false" path="DashFramework/css/font-awesome.min.css" isHidden="true" locale="en_US" title="font-awesome.min"/>
        </ExportManifestProperty>
        <ExportManifestProperty>
            <EntityAcl>
                <entriesInheriting>true</entriesInheriting>
                <owner>admin</owner>
                <ownerType>USER</ownerType>
            </EntityAcl>
        </ExportManifestProperty>
    </ExportManifestEntity>
    <ExportManifestEntity path="DashFramework/css/hojaestilosgoogle.css">
        <ExportManifestProperty>
            <EntityMetaData name="hojaestilosgoogle.css" createdDate="2016-08-06T12:53:42.047-06:00" isFolder="false" path="DashFramework/css/hojaestilosgoogle.css" isHidden="true" locale="en_US" title="hojaestilosgoogle"/>
        </ExportManifestProperty>
        <ExportManifestProperty>
            <EntityAcl>
                <entriesInheriting>true</entriesInheriting>
                <owner>admin</owner>
                <ownerType>USER</ownerType>
            </EntityAcl>
        </ExportManifestProperty>
    </ExportManifestEntity>
    <ExportManifestEntity path="DashFramework/css/misEstilos.css">
        <ExportManifestProperty>
            <EntityMetaData name="misEstilos.css" createdDate="2016-08-06T12:53:42.219-06:00" isFolder="false" path="DashFramework/css/misEstilos.css" isHidden="true" locale="en_US" title="misEstilos"/>
        </ExportManifestProperty>
        <ExportManifestProperty>
            <EntityAcl>
                <entriesInheriting>true</entriesInheriting>
                <owner>admin</owner>
                <ownerType>USER</ownerType>
            </EntityAcl>
        </ExportManifestProperty>
    </ExportManifestEntity>
    <ExportManifestEntity path="DashFramework/images">
        <ExportManifestProperty>
            <EntityMetaData name="images" createdDate="2016-08-06T12:53:42.300-06:00" isFolder="true" path="DashFramework/images" isHidden="false" locale="en_US" title="images"/>
        </ExportManifestProperty>
        <ExportManifestProperty>
            <EntityAcl>
                <entriesInheriting>true</entriesInheriting>
                <owner>admin</owner>
                <ownerType>USER</ownerType>
            </EntityAcl>
        </ExportManifestProperty>
    </ExportManifestEntity>
    <ExportManifestEntity path="DashFramework/images/CostaRicaFlag.png">
        <ExportManifestProperty>
            <EntityMetaData name="CostaRicaFlag.png" createdDate="2016-08-06T12:53:42.356-06:00" isFolder="false" path="DashFramework/images/CostaRicaFlag.png" isHidden="true" locale="en_US" title="CostaRicaFlag"/>
        </ExportManifestProperty>
        <ExportManifestProperty>
            <EntityAcl>
                <entriesInheriting>true</entriesInheriting>
                <owner>admin</owner>
                <ownerType>USER</ownerType>
            </EntityAcl>
        </ExportManifestProperty>
    </ExportManifestEntity>
    <ExportManifestEntity path="DashFramework/images/SIGILogo.png">
        <ExportManifestProperty>
            <EntityMetaData name="SIGILogo.png" createdDate="2016-08-06T12:53:42.763-06:00" isFolder="false" path="DashFramework/images/SIGILogo.png" isHidden="true" locale="en_US" title="SIGILogo"/>
        </ExportManifestProperty>
        <ExportManifestProperty>
            <EntityAcl>
                <entriesInheriting>true</entriesInheriting>
                <owner>admin</owner>
                <ownerType>USER</ownerType>
            </EntityAcl>
        </ExportManifestProperty>
    </ExportManifestEntity>
    <ExportManifestEntity path="DashFramework/images/StudentIcon.png">
        <ExportManifestProperty>
            <EntityMetaData name="StudentIcon.png" createdDate="2016-08-06T12:53:43.074-06:00" isFolder="false" path="DashFramework/images/StudentIcon.png" isHidden="true" locale="en_US" title="StudentIcon"/>
        </ExportManifestProperty>
        <ExportManifestProperty>
            <EntityAcl>
                <entriesInheriting>true</entriesInheriting>
                <owner>admin</owner>
                <ownerType>USER</ownerType>
            </EntityAcl>
        </ExportManifestProperty>
    </ExportManifestEntity>
    <ExportManifestEntity path="DashFramework/images/trend-arrow.svg">
        <ExportManifestProperty>
            <EntityMetaData name="trend-arrow.svg" createdDate="2016-08-06T12:53:43.213-06:00" isFolder="false" path="DashFramework/images/trend-arrow.svg" isHidden="true" locale="en_US" title="trend-arrow"/>
        </ExportManifestProperty>
        <ExportManifestProperty>
            <EntityAcl>
                <entriesInheriting>true</entriesInheriting>
                <owner>admin</owner>
                <ownerType>USER</ownerType>
            </EntityAcl>
        </ExportManifestProperty>
    </ExportManifestEntity>
    <ExportManifestEntity path="DashFramework/js">
        <ExportManifestProperty>
            <EntityMetaData name="js" createdDate="2016-08-06T12:53:43.348-06:00" isFolder="true" path="DashFramework/js" isHidden="true" locale="en_US" title="js"/>
        </ExportManifestProperty>
        <ExportManifestProperty>
            <EntityAcl>
                <entriesInheriting>true</entriesInheriting>
                <owner>admin</owner>
                <ownerType>USER</ownerType>
            </EntityAcl>
        </ExportManifestProperty>
    </ExportManifestEntity>
    <ExportManifestEntity path="DashFramework/js/dash_Components.js">
        <ExportManifestProperty>
            <EntityMetaData name="dash_Components.js" createdDate="2016-08-06T12:53:43.618-06:00" isFolder="false" path="DashFramework/js/dash_Components.js" isHidden="true" locale="en_US" title="dash_Components"/>
        </ExportManifestProperty>
        <ExportManifestProperty>
            <EntityAcl>
                <entriesInheriting>true</entriesInheriting>
                <owner>admin</owner>
                <ownerType>USER</ownerType>
            </EntityAcl>
        </ExportManifestProperty>
    </ExportManifestEntity>
    <ExportManifestEntity path="DashFramework/js/dash_html_Components.js">
        <ExportManifestProperty>
            <EntityMetaData name="dash_html_Components.js" createdDate="2016-08-06T12:53:43.753-06:00" isFolder="false" path="DashFramework/js/dash_html_Components.js" isHidden="true" locale="en_US" title="dash_html_Components"/>
        </ExportManifestProperty>
        <ExportManifestProperty>
            <EntityAcl>
                <entriesInheriting>true</entriesInheriting>
                <owner>admin</owner>
                <ownerType>USER</ownerType>
            </EntityAcl>
        </ExportManifestProperty>
    </ExportManifestEntity>
    <ExportManifestEntity path="DashFramework/js/dashwork.js">
        <ExportManifestProperty>
            <EntityMetaData name="dashwork.js" createdDate="2016-08-06T12:53:44.740-06:00" isFolder="false" path="DashFramework/js/dashwork.js" isHidden="true" locale="en_US" title="dashwork"/>
        </ExportManifestProperty>
        <ExportManifestProperty>
            <EntityAcl>
                <entriesInheriting>true</entriesInheriting>
                <owner>admin</owner>
                <ownerType>USER</ownerType>
            </EntityAcl>
        </ExportManifestProperty>
    </ExportManifestEntity>
    <ExportManifestEntity path="DashFramework/js/dashwork.min.js">
        <ExportManifestProperty>
            <EntityMetaData name="dashwork.min.js" createdDate="2016-08-06T12:53:45.354-06:00" isFolder="false" path="DashFramework/js/dashwork.min.js" isHidden="true" locale="en_US" title="dashwork.min"/>
        </ExportManifestProperty>
        <ExportManifestProperty>
            <EntityAcl>
                <entriesInheriting>true</entriesInheriting>
                <owner>admin</owner>
                <ownerType>USER</ownerType>
            </EntityAcl>
        </ExportManifestProperty>
    </ExportManifestEntity>
    <ExportManifestEntity path="DashFramework/js/html_Components.js">
        <ExportManifestProperty>
            <EntityMetaData name="html_Components.js" createdDate="2016-08-06T12:53:45.667-06:00" isFolder="false" path="DashFramework/js/html_Components.js" isHidden="true" locale="en_US" title="html_Components"/>
        </ExportManifestProperty>
        <ExportManifestProperty>
            <EntityAcl>
                <entriesInheriting>true</entriesInheriting>
                <owner>admin</owner>
                <ownerType>USER</ownerType>
            </EntityAcl>
        </ExportManifestProperty>
    </ExportManifestEntity>
    <ExportManifestEntity path="DashFramework/js/jquery.easing.min.js">
        <ExportManifestProperty>
            <EntityMetaData name="jquery.easing.min.js" createdDate="2016-08-06T12:53:45.800-06:00" isFolder="false" path="DashFramework/js/jquery.easing.min.js" isHidden="true" locale="en_US" title="jquery.easing.min"/>
        </ExportManifestProperty>
        <ExportManifestProperty>
            <EntityAcl>
                <entriesInheriting>true</entriesInheriting>
                <owner>admin</owner>
                <ownerType>USER</ownerType>
            </EntityAcl>
        </ExportManifestProperty>
    </ExportManifestEntity>
    <ExportManifestEntity path="DashFramework/js/print.js">
        <ExportManifestProperty>
            <EntityMetaData name="print.js" createdDate="2016-08-06T12:53:46.193-06:00" isFolder="false" path="DashFramework/js/print.js" isHidden="true" locale="en_US" title="print"/>
        </ExportManifestProperty>
        <ExportManifestProperty>
            <EntityAcl>
                <entriesInheriting>true</entriesInheriting>
                <owner>admin</owner>
                <ownerType>USER</ownerType>
            </EntityAcl>
        </ExportManifestProperty>
    </ExportManifestEntity>
    <ExportManifestEntity path="DashFramework/js/printRespaldo.js">
        <ExportManifestProperty>
            <EntityMetaData name="printRespaldo.js" createdDate="2016-08-06T12:53:46.592-06:00" isFolder="false" path="DashFramework/js/printRespaldo.js" isHidden="true" locale="en_US" title="printRespaldo"/>
        </ExportManifestProperty>
        <ExportManifestProperty>
            <EntityAcl>
                <entriesInheriting>true</entriesInheriting>
                <owner>admin</owner>
                <ownerType>USER</ownerType>
            </EntityAcl>
        </ExportManifestProperty>
    </ExportManifestEntity>
    <ExportManifestEntity path="DashFramework/js/scrolling-nav.js">
        <ExportManifestProperty>
            <EntityMetaData name="scrolling-nav.js" createdDate="2016-08-06T12:53:46.748-06:00" isFolder="false" path="DashFramework/js/scrolling-nav.js" isHidden="true" locale="en_US" title="scrolling-nav"/>
        </ExportManifestProperty>
        <ExportManifestProperty>
            <EntityAcl>
                <entriesInheriting>true</entriesInheriting>
                <owner>admin</owner>
                <ownerType>USER</ownerType>
            </EntityAcl>
        </ExportManifestProperty>
    </ExportManifestEntity>
</ns2:ExportManifest>
